ID,fname,lName,email,phoneNo,NIC
1,Roger,Nobbs,Roger_Nobbs9224@hourpy.biz,6-068-761-8510,576-24-5543
2,Gina,Walsh,Gina_Walsh7912@sheye.org,4-522-434-1731,311-77-3541
3,Nathan,Tobin,Nathan_Tobin5433@twace.org,0-354-854-8120,751-75-3821
4,Clint,Palmer,Clint_Palmer7189@gompie.com,4-405-212-6148,758-65-4876
5,Jules,Weatcroft,Jules_Weatcroft7245@gompie.com,0-303-848-8841,427-17-1457
6,Gladys,Lloyd,Gladys_Lloyd5520@gompie.com,6-550-560-2026,231-80-8535
7,Rylee,Nicolas,Rylee_Nicolas7522@guentu.biz,7-278-712-4628,283-60-1243
8,Emerald,Jackson,Emerald_Jackson6316@hourpy.biz,7-158-444-7174,232-03-6570
9,Kieth,Smith,Kieth_Smith6611@gompie.com,8-843-208-1080,552-63-4742
10,Clarissa,Harris,Clarissa_Harris4392@bungar.biz,7-145-177-0255,847-65-0220
11,Valerie,Skinner,Valerie_Skinner1222@muall.tech,2-163-608-0447,458-01-5261
12,Priscilla,Wilkinson,Priscilla_Wilkinson8045@nickia.com,7-463-158-2886,155-46-8037
13,Taylor,Ranks,Taylor_Ranks2536@zorer.org,1-840-122-8684,162-78-1603
14,Ally,Lakey,Ally_Lakey2358@gmail.com,4-858-531-3405,326-63-1758
15,Laila,Vallory,Laila_Vallory5423@zorer.org,8-637-702-2562,581-43-6121
16,Rocco,Rust,Rocco_Rust3403@infotech44.tech,8-182-732-0056,656-83-0603
17,Hank,Vernon,Hank_Vernon1137@womeona.net,7-033-215-0887,307-20-5847
18,Hank,Clarkson,Hank_Clarkson2653@hourpy.biz,5-108-164-7603,757-40-6671
19,Angelique,Underhill,Angelique_Underhill7066@supunk.biz,1-212-755-1568,506-13-4268
20,Tom,Farrow,Tom_Farrow78@sheye.org,8-451-742-2404,257-47-5014
21,Martin,Ward,Martin_Ward6696@naiker.biz,4-616-111-1480,806-16-3556
22,Josh,Villiger,Josh_Villiger2675@tonsy.org,4-784-325-8226,052-72-0083
23,Christy,Franks,Christy_Franks9857@typill.biz,0-028-653-8563,161-54-0633
24,Courtney,Willson,Courtney_Willson8232@gmail.com,8-737-384-8621,285-53-1054
25,Domenic,Kerr,Domenic_Kerr3198@zorer.org,7-785-127-4577,801-68-1083
26,Gil,Furnell,Gil_Furnell7843@yahoo.com,3-653-158-1051,434-83-7377
27,Celina,Tyler,Celina_Tyler9116@gompie.com,8-388-565-1464,213-27-7855
28,Enoch,Williams,Enoch_Williams9626@famism.biz,4-638-528-6611,013-74-3773
29,Carmella,Collins,Carmella_Collins5714@infotech44.tech,5-112-117-8710,218-45-5310
30,Rick,Norton,Rick_Norton7396@atink.com,0-864-876-7800,635-03-0327
31,Marvin,Uddin,Marvin_Uddin2984@zorer.org,4-274-185-4112,048-32-4283
32,Celina,Rehman,Celina_Rehman1598@muall.tech,7-228-878-4534,727-03-2236
33,Ryan,Ogilvy,Ryan_Ogilvy9417@womeona.net,6-807-034-5826,251-22-5747
34,Elijah,Becker,Elijah_Becker8306@fuliss.net,4-833-326-3328,855-08-1343
35,Fred,Upton,Fred_Upton1464@elnee.tech,5-780-045-1743,124-08-8182
36,Tyler,Norman,Tyler_Norman4258@bulaffy.com,2-774-878-1064,622-63-6606
37,Ramon,Gordon,Ramon_Gordon4765@gmail.com,1-407-055-5176,668-64-8175
38,Danny,Dixon,Danny_Dixon2347@bungar.biz,5-216-120-3062,738-17-1030
39,Tyler,Fowler,Tyler_Fowler3387@liret.org,6-707-135-7842,470-55-3513
40,Rose,Skinner,Rose_Skinner7073@bauros.biz,0-541-244-7434,048-36-0437
41,Melody,Michael,Melody_Michael8207@joiniaa.com,2-458-514-2117,055-06-5251
42,Jade,Bristow,Jade_Bristow8434@deavo.com,4-177-254-6700,877-28-6364
43,Jacob,Chapman,Jacob_Chapman3687@deons.tech,6-046-627-6110,537-42-3758
44,Mike,Hogg,Mike_Hogg3435@gembat.biz,8-582-012-4755,000-62-1662
45,Mark,Purvis,Mark_Purvis2316@liret.org,1-423-285-1476,730-86-0518
46,Luke,Gibbons,Luke_Gibbons8354@deavo.com,5-060-758-6075,814-58-8418
47,Madison,Bailey,Madison_Bailey8037@corti.com,1-532-075-4657,805-16-1222
48,Thea,Johnson,Thea_Johnson6262@fuliss.net,1-767-274-7558,530-00-4376
49,Tom,Roth,Tom_Roth9463@liret.org,1-334-524-6278,853-63-0382
50,Mike,Blackburn,Mike_Blackburn1350@jiman.org,3-528-028-6504,138-34-8111
51,Rocco,Brett,Rocco_Brett813@acrit.org,8-406-131-1226,172-50-1022
52,Julius,Patel,Julius_Patel4950@sheye.org,1-508-154-1406,704-63-8166
53,Livia,Vollans,Livia_Vollans6531@twace.org,7-767-120-4886,020-61-8217
54,Chester,Morris,Chester_Morris5933@ovock.tech,2-576-407-3736,633-76-2148
55,Kamila,Dowson,Kamila_Dowson9578@mafthy.com,2-757-862-1776,173-78-5368
56,Ryan,Cavanagh,Ryan_Cavanagh4291@sveldo.biz,7-086-654-7121,157-53-5540
57,Evie,Roscoe,Evie_Roscoe6629@bungar.biz,5-238-160-2616,341-22-3516
58,Roger,Kent,Roger_Kent763@gompie.com,7-833-532-2602,078-51-7768
59,Alba,Richards,Alba_Richards2129@hourpy.biz,1-758-046-2326,670-73-0600
60,Chris,Wood,Chris_Wood5292@corti.com,8-261-464-1444,625-44-6468
61,Colleen,Bell,Colleen_Bell9797@womeona.net,8-231-552-0402,017-41-4352
62,Mike,Farrow,Mike_Farrow5372@cispeto.com,4-085-884-7554,188-72-5752
63,Benny,Norton,Benny_Norton1474@bauros.biz,8-515-711-7615,244-17-2420
64,Tiffany,Thompson,Tiffany_Thompson7522@deons.tech,1-842-073-7782,217-32-3262
65,Chester,Lee,Chester_Lee4424@joiniaa.com,2-020-731-3561,546-21-4557
66,Rita,Reese,Rita_Reese8783@sheye.org,4-364-186-0867,160-50-7512
67,Josh,Styles,Josh_Styles4017@famism.biz,4-555-712-3220,373-64-4583
68,Raquel,Palmer,Raquel_Palmer24@deavo.com,6-455-157-3463,040-55-6375
69,Kieth,Johnson,Kieth_Johnson4289@sheye.org,0-258-060-5815,661-51-0362
70,Gil,Rogers,Gil_Rogers3952@hourpy.biz,2-363-063-1703,134-82-3578
71,Janelle,Booth,Janelle_Booth1568@supunk.biz,5-530-306-1173,327-41-4712
72,Danny,Dobson,Danny_Dobson7835@yahoo.com,8-464-821-4040,004-86-8265
73,Chester,Vernon,Chester_Vernon3788@brety.org,3-108-375-5034,861-42-7233
74,Elise,Gray,Elise_Gray1877@cispeto.com,0-421-177-3650,055-53-3813
75,Dorothy,Gates,Dorothy_Gates1391@ubusive.com,0-838-486-7333,338-46-5053
76,Barry,Evans,Barry_Evans7696@ovock.tech,7-426-673-1708,331-63-1121
77,Eileen,Richardson,Eileen_Richardson6175@muall.tech,1-136-172-5063,406-48-2475
78,Leroy,Doherty,Leroy_Doherty9537@dionrab.com,8-825-873-5055,036-15-7332
79,Barney,Norburn,Barney_Norburn7283@liret.org,7-310-282-4517,081-78-8017
80,Denis,Casey,Denis_Casey6451@yahoo.com,4-836-274-5313,257-53-5753
81,Bree,Ventura,Bree_Ventura5565@twipet.com,8-037-285-4870,763-23-3584
82,Daron,Booth,Daron_Booth4641@corti.com,3-022-456-7337,060-16-6585
83,Drew,Hill,Drew_Hill2740@extex.org,1-220-457-8377,324-22-8304
84,Phillip,Garner,Phillip_Garner8198@deavo.com,0-627-855-8223,477-68-0322
85,Jack,Spencer,Jack_Spencer6064@acrit.org,5-336-546-3348,513-22-3828
86,Tony,Ogilvy,Tony_Ogilvy3142@vetan.org,2-224-255-6421,215-66-0337
87,Maggie,Adams,Maggie_Adams40@dionrab.com,8-475-448-0132,370-72-7610
88,Vanessa,Curtis,Vanessa_Curtis5149@twipet.com,7-604-222-2431,608-71-2014
89,Abbey,Ashwell,Abbey_Ashwell4980@irrepsy.com,4-278-161-2366,747-18-0366
90,Erick,Shields,Erick_Shields2713@qater.org,6-110-852-5078,432-50-4620
91,Johnathan,Yard,Johnathan_Yard363@womeona.net,2-666-865-5034,023-04-2402
92,Ron,Carpenter,Ron_Carpenter227@brety.org,0-131-400-0468,571-13-7270
93,Hank,Blackburn,Hank_Blackburn2127@mafthy.com,1-107-055-6075,135-34-8761
94,Taylor,Villiger,Taylor_Villiger9708@guentu.biz,5-328-677-1537,824-02-7725
95,Michelle,Maxwell,Michelle_Maxwell4452@gompie.com,0-350-667-0832,372-86-0615
96,Isla,Stone ,Isla_Stone 6008@guentu.biz,0-513-615-7364,218-68-7307
97,Barney,Gordon,Barney_Gordon3076@hourpy.biz,1-647-830-8160,661-25-5354
98,Denis,Thatcher,Denis_Thatcher5197@iatim.tech,6-326-880-7553,183-34-2025
99,Elena,Bryson,Elena_Bryson7634@bretoux.com,2-587-328-0118,621-68-7058
100,Trisha,Cox,Trisha_Cox2376@extex.org,1-758-251-4352,181-34-0713
101,Gabriel,Radcliffe,Gabriel_Radcliffe4647@gompie.com,3-057-765-5714,207-57-1744
102,Noah,Clayton,Noah_Clayton2290@joiniaa.com,3-787-218-1375,565-85-4108
103,Bart,Camden,Bart_Camden5691@gompie.com,4-138-741-3448,675-04-1688
104,Clint,Stevenson,Clint_Stevenson5606@zorer.org,2-773-128-2268,515-34-2200
105,Lily,Marshall,Lily_Marshall99@joiniaa.com,0-385-308-7056,202-10-3470
106,Eduardo,Blythe,Eduardo_Blythe6644@womeona.net,8-224-842-7818,868-60-7005
107,Alan,Chester,Alan_Chester8324@extex.org,4-268-412-2036,521-04-3002
108,Martin,Summers,Martin_Summers1110@infotech44.tech,0-700-362-3531,473-86-6648
109,Cassidy,Tait,Cassidy_Tait9261@deons.tech,6-184-886-5832,116-64-2668
110,Bob,Phillips,Bob_Phillips927@mafthy.com,2-801-457-1854,375-43-8886
111,George,Murray,George_Murray7512@womeona.net,1-710-124-7858,644-73-8101
112,Nathan,Glass,Nathan_Glass2883@corti.com,0-563-067-2536,617-30-4804
113,Peter,Richards,Peter_Richards1632@eirey.tech,5-385-376-7405,638-71-3710
114,Rocco,Redfern,Rocco_Redfern7250@sveldo.biz,4-407-741-4143,861-40-7577
115,Marvin,Willis,Marvin_Willis1706@gmail.com,2-521-460-1482,606-43-2234
116,Olivia,Thompson,Olivia_Thompson5768@yahoo.com,8-148-634-7348,835-62-6222
117,Lauren,Ulyatt,Lauren_Ulyatt2326@joiniaa.com,0-856-147-6054,526-47-7525
118,Erick,Robinson,Erick_Robinson6888@twace.org,4-343-613-2464,812-80-1201
119,Marissa,Rossi,Marissa_Rossi7560@elnee.tech,4-055-822-7561,333-31-2680
120,Anabelle,Poole,Anabelle_Poole2539@cispeto.com,2-444-307-6810,655-31-0547
121,Courtney,Callan,Courtney_Callan6110@extex.org,4-656-575-3157,731-62-6423
122,Goldie,Swift,Goldie_Swift6169@qater.org,6-083-744-8483,283-24-2485
123,Olivia,Brown,Olivia_Brown7987@gompie.com,0-262-474-8877,683-12-8723
124,Fred,Owens,Fred_Owens9784@guentu.biz,1-120-406-1771,750-07-2043
125,Mara,Yard,Mara_Yard8094@twipet.com,4-704-421-6326,283-61-5148
126,Sebastian,Broomfield,Sebastian_Broomfield2166@cispeto.com,7-554-178-3601,562-40-1263
127,Nicholas,Collins,Nicholas_Collins7658@jiman.org,1-158-718-7865,512-36-7134
128,Isabella,Mould,Isabella_Mould593@qater.org,2-807-840-7286,347-72-6657
129,Ronald,Raven,Ronald_Raven3683@vetan.org,6-122-622-5052,800-25-6825
130,Stacy,Clarke,Stacy_Clarke5723@bretoux.com,8-121-328-6213,655-54-7425
131,Phillip,Vernon,Phillip_Vernon3164@liret.org,6-066-247-6861,836-32-1778
132,David,Hope,David_Hope6868@twace.org,5-708-823-0851,280-64-0673
133,Chad,May,Chad_May8119@ubusive.com,1-773-357-0555,768-46-8302
134,Ethan,Lucas,Ethan_Lucas2097@joiniaa.com,6-342-510-2573,555-82-2330
135,Lucas,Clarke,Lucas_Clarke2869@nickia.com,6-064-380-5052,260-45-4001
136,Adalind,Oakley,Adalind_Oakley936@ovock.tech,6-731-635-2570,262-72-8586
137,Chris,Fields,Chris_Fields9293@acrit.org,1-361-432-5551,632-26-0113
138,Eve,Vane,Eve_Vane2039@typill.biz,1-673-823-4748,700-46-5166
139,Angelica,Plumb,Angelica_Plumb6669@fuliss.net,8-214-835-4326,425-37-2563
140,Kieth,Armstrong,Kieth_Armstrong6591@iatim.tech,7-504-153-1388,188-12-2667
141,Nate,Mccormick,Nate_Mccormick3542@guentu.biz,3-852-181-4816,581-52-3763
142,Carmen,Groves,Carmen_Groves5742@yahoo.com,4-237-331-5576,771-87-5863
143,Daron,Robinson,Daron_Robinson1131@womeona.net,7-468-202-8256,664-65-0328
144,Rick,Weston,Rick_Weston8158@gompie.com,8-281-326-2258,363-63-7451
145,Tom,Edwards,Tom_Edwards9964@hourpy.biz,5-821-017-8336,378-30-4386
146,Nicholas,Walsh,Nicholas_Walsh5708@mafthy.com,5-105-487-8262,412-31-3280
147,Ramon,Olson,Ramon_Olson1934@gembat.biz,5-452-528-6530,638-38-3411
148,Nate,Jordan,Nate_Jordan5189@iatim.tech,7-004-454-7373,266-32-7572
149,Henry,Rycroft,Henry_Rycroft5662@sveldo.biz,5-330-523-0562,810-74-7808
150,Esmeralda,Kidd,Esmeralda_Kidd7468@typill.biz,6-721-265-4371,176-50-1181
