ID,fname,lName,email,phoneNo,NIC
1,Phillip,Andersson,Phillip_Andersson374@sheye.org,4-125-405-6284,073-05-4615
2,Miley,Plant,Miley_Plant4387@ovock.tech,3-475-312-2365,378-75-4471
3,Tara,Roscoe,Tara_Roscoe9494@cispeto.com,8-834-237-7504,707-62-7353
4,Logan,Roscoe,Logan_Roscoe2533@fuliss.net,8-432-807-8041,771-26-4283
5,Domenic,Harris,Domenic_Harris634@guentu.biz,1-805-232-1438,455-85-8825
6,Anthony,Squire,Anthony_Squire3461@muall.tech,7-377-257-2370,627-18-6363
7,Josh,Rogers,Josh_Rogers9014@naiker.biz,7-433-416-6838,322-60-1178
8,Eden,Latham,Eden_Latham1596@deavo.com,6-548-386-8031,378-53-8341
9,Sylvia,Fall,Sylvia_Fall9969@ubusive.com,0-660-723-2675,174-41-4285
10,Parker,Marshall,Parker_Marshall2054@irrepsy.com,8-158-123-4521,881-06-1108
11,Maxwell,Doherty,Maxwell_Doherty9877@infotech44.tech,0-023-574-5481,724-41-5112
12,Bob,Rodwell,Bob_Rodwell8747@zorer.org,4-112-162-5011,118-46-3317
13,Bethany,Gardner,Bethany_Gardner5538@sheye.org,6-866-648-3415,223-28-1232
14,Victoria,Marshall,Victoria_Marshall6607@womeona.net,7-180-854-5446,582-52-7667
15,Barney,Quinnell,Barney_Quinnell9478@infotech44.tech,7-612-626-0183,035-51-5774
16,Brad,Beal,Brad_Beal7691@yahoo.com,1-647-060-8008,236-20-5622
17,Sadie,Allington,Sadie_Allington1874@deavo.com,8-213-546-4144,121-22-0245
18,Dorothy,Johnson,Dorothy_Johnson5645@womeona.net,6-554-766-2014,843-51-7117
19,Johnny,Khan,Johnny_Khan622@fuliss.net,1-154-760-5888,083-76-8107
20,Vera,Hood,Vera_Hood9424@kideod.biz,0-086-630-5465,172-33-2545
21,Leslie,Rehman,Leslie_Rehman3678@deons.tech,7-142-552-5075,181-48-4362
22,David,Callan,David_Callan6350@kideod.biz,0-733-212-5572,427-02-4636
23,Christine,Patel,Christine_Patel9992@vetan.org,6-401-462-7757,726-53-4222
24,Elena,Shaw,Elena_Shaw6876@bungar.biz,1-347-153-3656,141-00-6422
25,Sharon,Brock,Sharon_Brock8081@supunk.biz,6-116-147-3123,685-83-4418
26,Makenzie,Glass,Makenzie_Glass2412@tonsy.org,6-533-483-6444,155-07-7276
27,Kamila,Daniells,Kamila_Daniells2625@hourpy.biz,8-677-250-8538,486-38-0414
28,Susan,Morgan,Susan_Morgan1101@dionrab.com,2-715-806-0542,572-73-2011
29,Eduardo,Thomson,Eduardo_Thomson4771@deavo.com,1-177-516-6787,735-31-3211
30,Parker,Nanton,Parker_Nanton2819@yahoo.com,8-678-632-6767,820-34-8828
31,Noah,Fulton,Noah_Fulton7785@bungar.biz,8-522-387-4653,861-55-1484
32,Roger,Cattell,Roger_Cattell8071@nickia.com,3-202-403-0066,833-70-3430
33,Quinn,Hunt,Quinn_Hunt6987@joiniaa.com,3-342-583-4505,712-50-8537
34,Jules,Kirby,Jules_Kirby1354@irrepsy.com,8-587-104-2805,763-73-3631
35,Javier,Mullins,Javier_Mullins7220@yahoo.com,5-537-762-3763,364-81-5228
36,Maxwell,Johnson,Maxwell_Johnson6032@corti.com,1-868-363-2644,040-33-4864
37,Adelaide,Brooks,Adelaide_Brooks4149@yahoo.com,5-786-833-7356,534-80-1804
38,Barney,Jennson,Barney_Jennson9338@mafthy.com,5-241-446-2878,347-00-1145
39,Marvin,Ellwood,Marvin_Ellwood8185@irrepsy.com,7-618-845-0121,867-18-2460
40,Olivia,Rainford,Olivia_Rainford9146@irrepsy.com,8-862-747-5666,438-32-3248
41,Shannon,Hale,Shannon_Hale3455@nickia.com,4-567-705-2384,863-72-2013
42,Celia,Palmer,Celia_Palmer3302@bauros.biz,1-358-336-3527,077-51-2807
43,Johnathan,Uddin,Johnathan_Uddin6506@deavo.com,7-418-251-3056,830-46-4000
44,Rosalyn,Norman,Rosalyn_Norman5366@atink.com,1-844-344-8258,533-65-5718
45,Josh,Brooks,Josh_Brooks4848@deons.tech,7-575-422-5705,686-11-8135
46,Percy,Notman,Percy_Notman3003@kideod.biz,4-605-720-8347,536-26-0521
47,Julius,Terry,Julius_Terry9829@sheye.org,2-648-868-5185,288-75-6512
48,Ruth,Fulton,Ruth_Fulton1593@guentu.biz,1-431-475-0754,404-78-0265
49,Matt,Wellington,Matt_Wellington4913@womeona.net,2-086-163-2061,435-10-1132
50,Chloe,Campbell,Chloe_Campbell3541@ubusive.com,4-264-317-8526,535-71-1065
51,Margaret,Aldridge,Margaret_Aldridge5592@grannar.com,2-722-458-5363,575-52-4633
52,Kurt,Eaton,Kurt_Eaton4581@famism.biz,7-536-775-1812,561-57-0084
53,Domenic,Weatcroft,Domenic_Weatcroft1750@twipet.com,8-821-042-7150,574-77-4732
54,Felicity,Ryan,Felicity_Ryan7615@vetan.org,4-650-441-1488,287-68-6454
55,Rylee,Leigh,Rylee_Leigh1391@muall.tech,0-408-503-4556,676-08-3357
56,Caleb,Cobb,Caleb_Cobb7353@eirey.tech,0-281-322-4348,127-75-7328
57,Candace,Thomson,Candace_Thomson5257@iatim.tech,7-682-145-2646,321-24-2411
58,Alba,Addison,Alba_Addison7440@nanoff.biz,5-066-014-3544,211-83-7530
59,Camellia,Collis,Camellia_Collis9100@grannar.com,8-353-772-1143,746-32-0656
60,Doris,Jenkin,Doris_Jenkin2631@qater.org,8-416-817-7107,706-62-0854
61,Jayden,Morgan,Jayden_Morgan9466@naiker.biz,1-651-370-3473,041-34-0355
62,Angela,Alcroft,Angela_Alcroft9246@kideod.biz,0-166-364-2874,267-26-4483
63,Jacqueline,Stone,Jacqueline_Stone2834@extex.org,4-823-316-6625,251-17-7538
64,Nate,Freeburn,Nate_Freeburn3612@hourpy.biz,8-404-153-3686,174-56-5056
65,Manuel,Ashwell,Manuel_Ashwell8192@gompie.com,3-833-603-8436,614-61-7823
66,Tom,Farrow,Tom_Farrow7850@liret.org,6-386-300-1866,000-72-1308
67,Juliette,Butler,Juliette_Butler8641@cispeto.com,5-814-847-5106,421-35-5160
68,Kurt,Walton,Kurt_Walton4445@famism.biz,3-507-217-0160,860-28-4700
69,Melania,Pitt,Melania_Pitt7199@eirey.tech,3-277-371-6348,667-78-3042
70,Erick,Owens,Erick_Owens4193@twace.org,5-873-143-2588,826-78-1343
71,Shelby,Taylor,Shelby_Taylor2286@famism.biz,4-764-441-3678,221-05-4087
72,Tony,Stone ,Tony_Stone 6353@jiman.org,4-450-878-5365,571-36-5488
73,Noah,Lyon,Noah_Lyon5086@typill.biz,6-603-024-0180,536-80-6843
74,Oliver,Strong,Oliver_Strong5094@twace.org,4-536-552-0221,722-31-4512
75,Elijah,Samuel,Elijah_Samuel409@qater.org,8-851-706-5156,035-26-4136
76,Rufus,Walker,Rufus_Walker1119@liret.org,3-861-827-3865,683-23-1065
77,Hank,Rowlands,Hank_Rowlands8692@gompie.com,6-032-533-4841,032-38-6485
78,Vera,Bowen,Vera_Bowen1836@gmail.com,0-474-118-7521,302-22-1070
79,Courtney,Whitmore,Courtney_Whitmore3885@deavo.com,2-611-413-1848,506-22-1701
80,Carina,Jordan,Carina_Jordan6277@elnee.tech,7-370-826-4684,660-07-1172
81,Percy,Cox,Percy_Cox5710@guentu.biz,2-861-155-4756,418-12-0277
82,Jack,Graham,Jack_Graham117@gmail.com,3-422-660-2162,825-38-1832
83,Gabriel,Bullock,Gabriel_Bullock6291@deons.tech,5-746-372-6760,220-76-1827
84,Alexander,Selby,Alexander_Selby4666@bulaffy.com,2-426-032-6118,447-70-2372
85,Eduardo,Ballard,Eduardo_Ballard5544@gompie.com,1-086-760-0702,087-36-4078
86,Naomi,Rainford,Naomi_Rainford3829@hourpy.biz,0-381-235-6172,283-38-3664
87,Katelyn,Russell,Katelyn_Russell4148@vetan.org,1-885-358-5873,185-65-2600
88,Blake,Shields,Blake_Shields4762@extex.org,6-737-767-4414,607-13-6040
89,Evie,Uttley,Evie_Uttley762@guentu.biz,6-442-241-4566,460-04-5341
90,Sebastian,Mcgee,Sebastian_Mcgee8831@brety.org,5-513-117-2802,212-52-1303
91,Doug,Daniells,Doug_Daniells4633@womeona.net,1-158-844-5558,003-48-1787
92,Mona,Verdon,Mona_Verdon8605@guentu.biz,7-774-766-6700,130-56-5566
93,Makenzie,Simpson,Makenzie_Simpson5928@irrepsy.com,5-185-260-6805,516-82-3133
94,Hailey,Fowler,Hailey_Fowler3536@atink.com,5-721-567-2824,605-28-3380
95,Lucas,Warren,Lucas_Warren8513@elnee.tech,7-751-673-5458,753-27-3143
96,Mark,Ross,Mark_Ross1111@irrepsy.com,3-373-028-4678,212-31-1583
97,Morgan,Glynn,Morgan_Glynn6470@tonsy.org,6-134-852-4624,413-38-2753
98,Elijah,Douglas,Elijah_Douglas493@nanoff.biz,2-656-252-1130,487-16-7408
99,Chuck,Bennett,Chuck_Bennett5827@supunk.biz,7-842-542-3257,563-61-3003
100,Melody,Upton,Melody_Upton3477@deavo.com,6-671-434-0335,684-76-0523
